postcode,zone,town
0800,1,1 - Darwin
0801,1,1 - Darwin
0804,1,1 - Darwin
0810,1,1 - Darwin
0811,1,1 - Darwin
0812,1,1 - Darwin
0813,1,1 - Darwin
0814,1,1 - Darwin
0815,1,1 - Darwin
0820,1,1 - Darwin
0821,1,1 - Darwin
0822,1,1 - Darwin
0828,1,1 - Darwin
0829,1,1 - Darwin
0830,1,1 - Darwin
0831,1,1 - Darwin
0832,1,1 - Darwin
0835,1,1 - Darwin
0836,1,1 - Darwin
0837,1,1 - Darwin
0838,1,1 - Darwin
0840,1,1 - Darwin
0845,1,1 - Darwin
0846,1,1 - Darwin
0880,1,1 - Darwin
0881,1,1 - Darwin
0885,1,1 - Darwin
6710,2,2 - Pt Hedland
6711,2,2 - Pt Hedland
6712,2,2 - Pt Hedland
6713,2,2 - Pt Hedland
6714,2,2 - Pt Hedland
6718,2,2 - Pt Hedland
6720,2,2 - Pt Hedland
6721,2,2 - Pt Hedland
6722,2,2 - Pt Hedland
4702,3,3 - Longreach
4721,3,3 - Longreach
4725,3,3 - Longreach
4726,3,3 - Longreach
4727,3,3 - Longreach
4728,3,3 - Longreach
4730,3,3 - Longreach
4731,3,3 - Longreach
4732,3,3 - Longreach
4733,3,3 - Longreach
4735,3,3 - Longreach
6537,4,4 - Carnarvon
6701,4,4 - Carnarvon
4804,5,5 - Townsville
4805,5,5 - Townsville
4806,5,5 - Townsville
4807,5,5 - Townsville
4808,5,5 - Townsville
4809,5,5 - Townsville
4810,5,5 - Townsville
4811,5,5 - Townsville
4812,5,5 - Townsville
4813,5,5 - Townsville
4814,5,5 - Townsville
4815,5,5 - Townsville
4816,5,5 - Townsville
4817,5,5 - Townsville
4818,5,5 - Townsville
4819,5,5 - Townsville
0870,6,6 - Alice Springs
0871,6,6 - Alice Springs
0872,6,6 - Alice Springs
4697,7,7 - Rockhampton
4699,7,7 - Rockhampton
4700,7,7 - Rockhampton
4701,7,7 - Rockhampton
4703,7,7 - Rockhampton
4704,7,7 - Rockhampton
4705,7,7 - Rockhampton
4710,7,7 - Rockhampton
4711,7,7 - Rockhampton
4712,7,7 - Rockhampton
4713,7,7 - Rockhampton
4714,7,7 - Rockhampton
4742,7,7 - Rockhampton
4744,7,7 - Rockhampton
4745,7,7 - Rockhampton
4746,7,7 - Rockhampton
4751,7,7 - Rockhampton
2386,8,8 - Moree
2387,8,8 - Moree
2388,8,8 - Moree
2390,8,8 - Moree
2397,8,8 - Moree
2398,8,8 - Moree
2399,8,8 - Moree
2400,8,8 - Moree
2401,8,8 - Moree
2402,8,8 - Moree
2405,8,8 - Moree
2406,8,8 - Moree
2408,8,8 - Moree
2409,8,8 - Moree
2410,8,8 - Moree
2411,8,8 - Moree
2832,8,8 - Moree
2833,8,8 - Moree
2834,8,8 - Moree
2469,9,9 - Amberley
2470,9,9 - Amberley
2471,9,9 - Amberley
2474,9,9 - Amberley
2480,9,9 - Amberley
4124,9,9 - Amberley
4132,9,9 - Amberley
4133,9,9 - Amberley
4270,9,9 - Amberley
4275,9,9 - Amberley
4280,9,9 - Amberley
4285,9,9 - Amberley
4287,9,9 - Amberley
4300,9,9 - Amberley
4301,9,9 - Amberley
4303,9,9 - Amberley
4304,9,9 - Amberley
4305,9,9 - Amberley
4306,9,9 - Amberley
4307,9,9 - Amberley
4309,9,9 - Amberley
4310,9,9 - Amberley
4311,9,9 - Amberley
4312,9,9 - Amberley
4313,9,9 - Amberley
4340,9,9 - Amberley
4341,9,9 - Amberley
4342,9,9 - Amberley
4343,9,9 - Amberley
4345,9,9 - Amberley
4346,9,9 - Amberley
4370,9,9 - Amberley
4371,9,9 - Amberley
4372,9,9 - Amberley
4378,9,9 - Amberley
4500,9,9 - Amberley
4501,9,9 - Amberley
4502,9,9 - Amberley
4503,9,9 - Amberley
4504,9,9 - Amberley
4505,9,9 - Amberley
4506,9,9 - Amberley
4507,9,9 - Amberley
4508,9,9 - Amberley
4509,9,9 - Amberley
4510,9,9 - Amberley
4511,9,9 - Amberley
4512,9,9 - Amberley
4514,9,9 - Amberley
4515,9,9 - Amberley
4516,9,9 - Amberley
4517,9,9 - Amberley
4518,9,9 - Amberley
4519,9,9 - Amberley
4520,9,9 - Amberley
4521,9,9 - Amberley
4550,9,9 - Amberley
4570,9,9 - Amberley
4571,9,9 - Amberley
4600,9,9 - Amberley
2477,10,10 - Brisbane
2478,10,10 - Brisbane
2479,10,10 - Brisbane
2481,10,10 - Brisbane
2482,10,10 - Brisbane
2483,10,10 - Brisbane
2484,10,10 - Brisbane
2485,10,10 - Brisbane
2486,10,10 - Brisbane
2487,10,10 - Brisbane
2488,10,10 - Brisbane
2489,10,10 - Brisbane
2490,10,10 - Brisbane
4000,10,10 - Brisbane
4005,10,10 - Brisbane
4006,10,10 - Brisbane
4007,10,10 - Brisbane
4008,10,10 - Brisbane
4009,10,10 - Brisbane
4010,10,10 - Brisbane
4011,10,10 - Brisbane
4012,10,10 - Brisbane
4013,10,10 - Brisbane
4014,10,10 - Brisbane
4017,10,10 - Brisbane
4018,10,10 - Brisbane
4019,10,10 - Brisbane
4020,10,10 - Brisbane
4021,10,10 - Brisbane
4022,10,10 - Brisbane
4025,10,10 - Brisbane
4029,10,10 - Brisbane
4030,10,10 - Brisbane
4031,10,10 - Brisbane
4032,10,10 - Brisbane
4034,10,10 - Brisbane
4035,10,10 - Brisbane
4036,10,10 - Brisbane
4037,10,10 - Brisbane
4051,10,10 - Brisbane
4053,10,10 - Brisbane
4054,10,10 - Brisbane
4055,10,10 - Brisbane
4059,10,10 - Brisbane
4060,10,10 - Brisbane
4061,10,10 - Brisbane
4064,10,10 - Brisbane
4065,10,10 - Brisbane
4066,10,10 - Brisbane
4067,10,10 - Brisbane
4068,10,10 - Brisbane
4069,10,10 - Brisbane
4070,10,10 - Brisbane
4072,10,10 - Brisbane
4073,10,10 - Brisbane
4074,10,10 - Brisbane
4075,10,10 - Brisbane
4076,10,10 - Brisbane
4077,10,10 - Brisbane
4078,10,10 - Brisbane
4101,10,10 - Brisbane
4102,10,10 - Brisbane
4103,10,10 - Brisbane
4104,10,10 - Brisbane
4105,10,10 - Brisbane
4106,10,10 - Brisbane
4107,10,10 - Brisbane
4108,10,10 - Brisbane
4109,10,10 - Brisbane
4110,10,10 - Brisbane
4111,10,10 - Brisbane
4112,10,10 - Brisbane
4113,10,10 - Brisbane
4114,10,10 - Brisbane
4115,10,10 - Brisbane
4116,10,10 - Brisbane
4117,10,10 - Brisbane
4118,10,10 - Brisbane
4119,10,10 - Brisbane
4120,10,10 - Brisbane
4121,10,10 - Brisbane
4122,10,10 - Brisbane
4123,10,10 - Brisbane
4125,10,10 - Brisbane
4127,10,10 - Brisbane
4128,10,10 - Brisbane
4129,10,10 - Brisbane
4130,10,10 - Brisbane
4131,10,10 - Brisbane
4151,10,10 - Brisbane
4152,10,10 - Brisbane
4153,10,10 - Brisbane
4154,10,10 - Brisbane
4155,10,10 - Brisbane
4156,10,10 - Brisbane
4157,10,10 - Brisbane
4158,10,10 - Brisbane
4159,10,10 - Brisbane
4160,10,10 - Brisbane
4161,10,10 - Brisbane
4163,10,10 - Brisbane
4164,10,10 - Brisbane
4165,10,10 - Brisbane
4169,10,10 - Brisbane
4170,10,10 - Brisbane
4171,10,10 - Brisbane
4172,10,10 - Brisbane
4173,10,10 - Brisbane
4174,10,10 - Brisbane
4178,10,10 - Brisbane
4179,10,10 - Brisbane
4183,10,10 - Brisbane
4184,10,10 - Brisbane
4205,10,10 - Brisbane
4207,10,10 - Brisbane
4208,10,10 - Brisbane
4209,10,10 - Brisbane
4210,10,10 - Brisbane
4211,10,10 - Brisbane
4212,10,10 - Brisbane
4213,10,10 - Brisbane
4214,10,10 - Brisbane
4215,10,10 - Brisbane
4216,10,10 - Brisbane
4217,10,10 - Brisbane
4218,10,10 - Brisbane
4219,10,10 - Brisbane
4220,10,10 - Brisbane
4221,10,10 - Brisbane
4223,10,10 - Brisbane
4224,10,10 - Brisbane
4225,10,10 - Brisbane
4226,10,10 - Brisbane
4227,10,10 - Brisbane
4228,10,10 - Brisbane
4229,10,10 - Brisbane
4230,10,10 - Brisbane
4271,10,10 - Brisbane
4272,10,10 - Brisbane
4551,10,10 - Brisbane
4552,10,10 - Brisbane
4553,10,10 - Brisbane
4554,10,10 - Brisbane
4555,10,10 - Brisbane
4556,10,10 - Brisbane
4557,10,10 - Brisbane
4558,10,10 - Brisbane
4559,10,10 - Brisbane
4560,10,10 - Brisbane
4561,10,10 - Brisbane
4562,10,10 - Brisbane
4563,10,10 - Brisbane
4564,10,10 - Brisbane
4565,10,10 - Brisbane
4566,10,10 - Brisbane
4567,10,10 - Brisbane
4568,10,10 - Brisbane
4569,10,10 - Brisbane
4572,10,10 - Brisbane
4573,10,10 - Brisbane
4574,10,10 - Brisbane
4575,10,10 - Brisbane
4580,10,10 - Brisbane
4581,10,10 - Brisbane
2312,11,11 - Coffs Harbour
2324,11,11 - Coffs Harbour
2423,11,11 - Coffs Harbour
2431,11,11 - Coffs Harbour
2440,11,11 - Coffs Harbour
2441,11,11 - Coffs Harbour
2447,11,11 - Coffs Harbour
2448,11,11 - Coffs Harbour
2449,11,11 - Coffs Harbour
2450,11,11 - Coffs Harbour
2452,11,11 - Coffs Harbour
2454,11,11 - Coffs Harbour
2455,11,11 - Coffs Harbour
2456,11,11 - Coffs Harbour
2460,11,11 - Coffs Harbour
2462,11,11 - Coffs Harbour
2463,11,11 - Coffs Harbour
2464,11,11 - Coffs Harbour
2465,11,11 - Coffs Harbour
2466,11,11 - Coffs Harbour
2472,11,11 - Coffs Harbour
2473,11,11 - Coffs Harbour
2898,11,11 - Coffs Harbour
2899,11,11 - Coffs Harbour
6511,12,12 - Geraldton
6515,12,12 - Geraldton
6516,12,12 - Geraldton
6518,12,12 - Geraldton
6525,12,12 - Geraldton
6528,12,12 - Geraldton
6530,12,12 - Geraldton
6532,12,12 - Geraldton
6535,12,12 - Geraldton
6536,12,12 - Geraldton
6000,13,13 - Perth
6003,13,13 - Perth
6004,13,13 - Perth
6005,13,13 - Perth
6006,13,13 - Perth
6007,13,13 - Perth
6008,13,13 - Perth
6009,13,13 - Perth
6010,13,13 - Perth
6014,13,13 - Perth
6016,13,13 - Perth
6017,13,13 - Perth
6018,13,13 - Perth
6021,13,13 - Perth
6022,13,13 - Perth
6024,13,13 - Perth
6026,13,13 - Perth
6027,13,13 - Perth
6031,13,13 - Perth
6032,13,13 - Perth
6033,13,13 - Perth
6037,13,13 - Perth
6043,13,13 - Perth
6050,13,13 - Perth
6051,13,13 - Perth
6052,13,13 - Perth
6053,13,13 - Perth
6054,13,13 - Perth
6055,13,13 - Perth
6056,13,13 - Perth
6057,13,13 - Perth
6058,13,13 - Perth
6059,13,13 - Perth
6060,13,13 - Perth
6061,13,13 - Perth
6062,13,13 - Perth
6063,13,13 - Perth
6064,13,13 - Perth
6065,13,13 - Perth
6066,13,13 - Perth
6067,13,13 - Perth
6068,13,13 - Perth
6069,13,13 - Perth
6077,13,13 - Perth
6078,13,13 - Perth
6079,13,13 - Perth
6084,13,13 - Perth
6090,13,13 - Perth
6100,13,13 - Perth
6101,13,13 - Perth
6102,13,13 - Perth
6103,13,13 - Perth
6104,13,13 - Perth
6105,13,13 - Perth
6106,13,13 - Perth
6107,13,13 - Perth
6108,13,13 - Perth
6109,13,13 - Perth
6110,13,13 - Perth
6111,13,13 - Perth
6112,13,13 - Perth
6121,13,13 - Perth
6122,13,13 - Perth
6123,13,13 - Perth
6125,13,13 - Perth
6126,13,13 - Perth
6147,13,13 - Perth
6148,13,13 - Perth
6149,13,13 - Perth
6150,13,13 - Perth
6151,13,13 - Perth
6152,13,13 - Perth
6153,13,13 - Perth
6154,13,13 - Perth
6155,13,13 - Perth
6156,13,13 - Perth
6157,13,13 - Perth
6164,13,13 - Perth
6170,13,13 - Perth
6176,13,13 - Perth
6181,13,13 - Perth
6182,13,13 - Perth
6207,13,13 - Perth
6208,13,13 - Perth
6501,13,13 - Perth
6504,13,13 - Perth
6505,13,13 - Perth
6506,13,13 - Perth
2329,14,14 - Armidale
2336,14,14 - Armidale
2337,14,14 - Armidale
2338,14,14 - Armidale
2339,14,14 - Armidale
2340,14,14 - Armidale
2341,14,14 - Armidale
2342,14,14 - Armidale
2343,14,14 - Armidale
2344,14,14 - Armidale
2345,14,14 - Armidale
2346,14,14 - Armidale
2347,14,14 - Armidale
2350,14,14 - Armidale
2351,14,14 - Armidale
2352,14,14 - Armidale
2353,14,14 - Armidale
2354,14,14 - Armidale
2355,14,14 - Armidale
2356,14,14 - Armidale
2358,14,14 - Armidale
2359,14,14 - Armidale
2360,14,14 - Armidale
2361,14,14 - Armidale
2365,14,14 - Armidale
2369,14,14 - Armidale
2370,14,14 - Armidale
2371,14,14 - Armidale
2372,14,14 - Armidale
2380,14,14 - Armidale
2381,14,14 - Armidale
2382,14,14 - Armidale
2403,14,14 - Armidale
2404,14,14 - Armidale
2453,14,14 - Armidale
2475,14,14 - Armidale
2476,14,14 - Armidale
2250,15,15 - Williamtown
2251,15,15 - Williamtown
2256,15,15 - Williamtown
2257,15,15 - Williamtown
2258,15,15 - Williamtown
2259,15,15 - Williamtown
2260,15,15 - Williamtown
2261,15,15 - Williamtown
2262,15,15 - Williamtown
2263,15,15 - Williamtown
2264,15,15 - Williamtown
2265,15,15 - Williamtown
2267,15,15 - Williamtown
2278,15,15 - Williamtown
2280,15,15 - Williamtown
2281,15,15 - Williamtown
2282,15,15 - Williamtown
2283,15,15 - Williamtown
2284,15,15 - Williamtown
2285,15,15 - Williamtown
2286,15,15 - Williamtown
2287,15,15 - Williamtown
2289,15,15 - Williamtown
2290,15,15 - Williamtown
2291,15,15 - Williamtown
2292,15,15 - Williamtown
2293,15,15 - Williamtown
2294,15,15 - Williamtown
2295,15,15 - Williamtown
2296,15,15 - Williamtown
2297,15,15 - Williamtown
2298,15,15 - Williamtown
2299,15,15 - Williamtown
2300,15,15 - Williamtown
2302,15,15 - Williamtown
2303,15,15 - Williamtown
2304,15,15 - Williamtown
2305,15,15 - Williamtown
2306,15,15 - Williamtown
2307,15,15 - Williamtown
2308,15,15 - Williamtown
2309,15,15 - Williamtown
2314,15,15 - Williamtown
2315,15,15 - Williamtown
2316,15,15 - Williamtown
2317,15,15 - Williamtown
2318,15,15 - Williamtown
2319,15,15 - Williamtown
2426,15,15 - Williamtown
2427,15,15 - Williamtown
2428,15,15 - Williamtown
2429,15,15 - Williamtown
2430,15,15 - Williamtown
2439,15,15 - Williamtown
2443,15,15 - Williamtown
2444,15,15 - Williamtown
2445,15,15 - Williamtown
2446,15,15 - Williamtown
5000,16,16 - Adelaide
5005,16,16 - Adelaide
5006,16,16 - Adelaide
5007,16,16 - Adelaide
5008,16,16 - Adelaide
5009,16,16 - Adelaide
5010,16,16 - Adelaide
5011,16,16 - Adelaide
5012,16,16 - Adelaide
5013,16,16 - Adelaide
5014,16,16 - Adelaide
5015,16,16 - Adelaide
5016,16,16 - Adelaide
5017,16,16 - Adelaide
5018,16,16 - Adelaide
5019,16,16 - Adelaide
5020,16,16 - Adelaide
5021,16,16 - Adelaide
5022,16,16 - Adelaide
5023,16,16 - Adelaide
5024,16,16 - Adelaide
5025,16,16 - Adelaide
5031,16,16 - Adelaide
5032,16,16 - Adelaide
5033,16,16 - Adelaide
5034,16,16 - Adelaide
5035,16,16 - Adelaide
5037,16,16 - Adelaide
5038,16,16 - Adelaide
5039,16,16 - Adelaide
5040,16,16 - Adelaide
5041,16,16 - Adelaide
5042,16,16 - Adelaide
5043,16,16 - Adelaide
5044,16,16 - Adelaide
5045,16,16 - Adelaide
5046,16,16 - Adelaide
5047,16,16 - Adelaide
5048,16,16 - Adelaide
5049,16,16 - Adelaide
5050,16,16 - Adelaide
5051,16,16 - Adelaide
5052,16,16 - Adelaide
5061,16,16 - Adelaide
5062,16,16 - Adelaide
5063,16,16 - Adelaide
5064,16,16 - Adelaide
5065,16,16 - Adelaide
5066,16,16 - Adelaide
5067,16,16 - Adelaide
5068,16,16 - Adelaide
5069,16,16 - Adelaide
5070,16,16 - Adelaide
5072,16,16 - Adelaide
5073,16,16 - Adelaide
5074,16,16 - Adelaide
5075,16,16 - Adelaide
5076,16,16 - Adelaide
5081,16,16 - Adelaide
5082,16,16 - Adelaide
5083,16,16 - Adelaide
5084,16,16 - Adelaide
5085,16,16 - Adelaide
5086,16,16 - Adelaide
5087,16,16 - Adelaide
5088,16,16 - Adelaide
5089,16,16 - Adelaide
5090,16,16 - Adelaide
5091,16,16 - Adelaide
5092,16,16 - Adelaide
5093,16,16 - Adelaide
5094,16,16 - Adelaide
5095,16,16 - Adelaide
5096,16,16 - Adelaide
5097,16,16 - Adelaide
5098,16,16 - Adelaide
5106,16,16 - Adelaide
5107,16,16 - Adelaide
5108,16,16 - Adelaide
5109,16,16 - Adelaide
5110,16,16 - Adelaide
5111,16,16 - Adelaide
5112,16,16 - Adelaide
5113,16,16 - Adelaide
5114,16,16 - Adelaide
5115,16,16 - Adelaide
5116,16,16 - Adelaide
5117,16,16 - Adelaide
5118,16,16 - Adelaide
5120,16,16 - Adelaide
5121,16,16 - Adelaide
5125,16,16 - Adelaide
5126,16,16 - Adelaide
5127,16,16 - Adelaide
5131,16,16 - Adelaide
5132,16,16 - Adelaide
5133,16,16 - Adelaide
5134,16,16 - Adelaide
5136,16,16 - Adelaide
5157,16,16 - Adelaide
5158,16,16 - Adelaide
5159,16,16 - Adelaide
5160,16,16 - Adelaide
5161,16,16 - Adelaide
5162,16,16 - Adelaide
5163,16,16 - Adelaide
5164,16,16 - Adelaide
5165,16,16 - Adelaide
5166,16,16 - Adelaide
5167,16,16 - Adelaide
5168,16,16 - Adelaide
5169,16,16 - Adelaide
5170,16,16 - Adelaide
5171,16,16 - Adelaide
5172,16,16 - Adelaide
5173,16,16 - Adelaide
5174,16,16 - Adelaide
5201,16,16 - Adelaide
5202,16,16 - Adelaide
5203,16,16 - Adelaide
5204,16,16 - Adelaide
5210,16,16 - Adelaide
5211,16,16 - Adelaide
5212,16,16 - Adelaide
5213,16,16 - Adelaide
5214,16,16 - Adelaide
5231,16,16 - Adelaide
5232,16,16 - Adelaide
5253,16,16 - Adelaide
5254,16,16 - Adelaide
5350,16,16 - Adelaide
5351,16,16 - Adelaide
5352,16,16 - Adelaide
5360,16,16 - Adelaide
5371,16,16 - Adelaide
5372,16,16 - Adelaide
5400,16,16 - Adelaide
5415,16,16 - Adelaide
5431,16,16 - Adelaide
5432,16,16 - Adelaide
5451,16,16 - Adelaide
5452,16,16 - Adelaide
5453,16,16 - Adelaide
5454,16,16 - Adelaide
5455,16,16 - Adelaide
5460,16,16 - Adelaide
5461,16,16 - Adelaide
5462,16,16 - Adelaide
5464,16,16 - Adelaide
5470,16,16 - Adelaide
5471,16,16 - Adelaide
5472,16,16 - Adelaide
5473,16,16 - Adelaide
5581,16,16 - Adelaide
5582,16,16 - Adelaide
5583,16,16 - Adelaide
5600,16,16 - Adelaide
5601,16,16 - Adelaide
5602,16,16 - Adelaide
5603,16,16 - Adelaide
5604,16,16 - Adelaide
5605,16,16 - Adelaide
5606,16,16 - Adelaide
5607,16,16 - Adelaide
5608,16,16 - Adelaide
5609,16,16 - Adelaide
5950,16,16 - Adelaide
2000,17,17 - Sydney RO
2007,17,17 - Sydney RO
2008,17,17 - Sydney RO
2010,17,17 - Sydney RO
2011,17,17 - Sydney RO
2060,17,17 - Sydney RO
2061,17,17 - Sydney RO
2527,18,18 - Nowra
2529,18,18 - Nowra
2533,18,18 - Nowra
2534,18,18 - Nowra
2535,18,18 - Nowra
2536,18,18 - Nowra
2537,18,18 - Nowra
2538,18,18 - Nowra
2539,18,18 - Nowra
2540,18,18 - Nowra
2541,18,18 - Nowra
2545,18,18 - Nowra
2546,18,18 - Nowra
2548,18,18 - Nowra
2549,18,18 - Nowra
2550,18,18 - Nowra
2551,18,18 - Nowra
4357,19,19 - Charleville
4385,19,19 - Charleville
4390,19,19 - Charleville
4405,19,19 - Charleville
4406,19,19 - Charleville
4408,19,19 - Charleville
4410,19,19 - Charleville
4411,19,19 - Charleville
4412,19,19 - Charleville
4413,19,19 - Charleville
4415,19,19 - Charleville
4416,19,19 - Charleville
4417,19,19 - Charleville
4418,19,19 - Charleville
4419,19,19 - Charleville
4420,19,19 - Charleville
4421,19,19 - Charleville
4422,19,19 - Charleville
4423,19,19 - Charleville
4424,19,19 - Charleville
4425,19,19 - Charleville
4426,19,19 - Charleville
4427,19,19 - Charleville
4428,19,19 - Charleville
4454,19,19 - Charleville
4455,19,19 - Charleville
4461,19,19 - Charleville
4462,19,19 - Charleville
4465,19,19 - Charleville
4467,19,19 - Charleville
4468,19,19 - Charleville
4470,19,19 - Charleville
4471,19,19 - Charleville
4472,19,19 - Charleville
4474,19,19 - Charleville
4475,19,19 - Charleville
4477,19,19 - Charleville
4478,19,19 - Charleville
4479,19,19 - Charleville
4480,19,19 - Charleville
4481,19,19 - Charleville
4482,19,19 - Charleville
4486,19,19 - Charleville
4487,19,19 - Charleville
4488,19,19 - Charleville
4489,19,19 - Charleville
4490,19,19 - Charleville
4491,19,19 - Charleville
4492,19,19 - Charleville
4493,19,19 - Charleville
4494,19,19 - Charleville
4496,19,19 - Charleville
4497,19,19 - Charleville
4498,19,19 - Charleville
4612,19,19 - Charleville
4613,19,19 - Charleville
4625,19,19 - Charleville
4626,19,19 - Charleville
4627,19,19 - Charleville
4630,19,19 - Charleville
4709,19,19 - Charleville
4715,19,19 - Charleville
4716,19,19 - Charleville
4717,19,19 - Charleville
4718,19,19 - Charleville
4719,19,19 - Charleville
4720,19,19 - Charleville
4722,19,19 - Charleville
4723,19,19 - Charleville
4724,19,19 - Charleville
4736,19,19 - Charleville
2584,20,20 - Wagga
2585,20,20 - Wagga
2588,20,20 - Wagga
2590,20,20 - Wagga
2640,20,20 - Wagga
2641,20,20 - Wagga
2642,20,20 - Wagga
2643,20,20 - Wagga
2644,20,20 - Wagga
2645,20,20 - Wagga
2646,20,20 - Wagga
2647,20,20 - Wagga
2650,20,20 - Wagga
2651,20,20 - Wagga
2652,20,20 - Wagga
2655,20,20 - Wagga
2656,20,20 - Wagga
2658,20,20 - Wagga
2659,20,20 - Wagga
2660,20,20 - Wagga
2661,20,20 - Wagga
2663,20,20 - Wagga
2665,20,20 - Wagga
2666,20,20 - Wagga
2668,20,20 - Wagga
2701,20,20 - Wagga
2702,20,20 - Wagga
2712,20,20 - Wagga
2721,20,20 - Wagga
2722,20,20 - Wagga
2725,20,20 - Wagga
2726,20,20 - Wagga
2727,20,20 - Wagga
2729,20,20 - Wagga
3726,20,20 - Wagga
3727,20,20 - Wagga
3728,20,20 - Wagga
3730,20,20 - Wagga
3000,21,21 - Melbourne RO
3002,21,21 - Melbourne RO
3003,21,21 - Melbourne RO
3004,21,21 - Melbourne RO
3005,21,21 - Melbourne RO
3006,21,21 - Melbourne RO
3008,21,21 - Melbourne RO
3010,21,21 - Melbourne RO
3050,21,21 - Melbourne RO
3051,21,21 - Melbourne RO
3052,21,21 - Melbourne RO
3053,21,21 - Melbourne RO
3054,21,21 - Melbourne RO
3055,21,21 - Melbourne RO
3056,21,21 - Melbourne RO
3057,21,21 - Melbourne RO
3065,21,21 - Melbourne RO
3066,21,21 - Melbourne RO
3067,21,21 - Melbourne RO
3068,21,21 - Melbourne RO
3070,21,21 - Melbourne RO
3071,21,21 - Melbourne RO
3072,21,21 - Melbourne RO
3073,21,21 - Melbourne RO
3121,21,21 - Melbourne RO
3141,21,21 - Melbourne RO
3142,21,21 - Melbourne RO
3143,21,21 - Melbourne RO
3181,21,21 - Melbourne RO
3182,21,21 - Melbourne RO
3183,21,21 - Melbourne RO
3184,21,21 - Melbourne RO
3185,21,21 - Melbourne RO
3204,21,21 - Melbourne RO
3205,21,21 - Melbourne RO
3206,21,21 - Melbourne RO
3207,21,21 - Melbourne RO
3820,22,22 - East Sale
3821,22,22 - East Sale
3822,22,22 - East Sale
3823,22,22 - East Sale
3824,22,22 - East Sale
3825,22,22 - East Sale
3831,22,22 - East Sale
3833,22,22 - East Sale
3835,22,22 - East Sale
3840,22,22 - East Sale
3842,22,22 - East Sale
3844,22,22 - East Sale
3847,22,22 - East Sale
3850,22,22 - East Sale
3851,22,22 - East Sale
3852,22,22 - East Sale
3854,22,22 - East Sale
3856,22,22 - East Sale
3857,22,22 - East Sale
3858,22,22 - East Sale
3859,22,22 - East Sale
3860,22,22 - East Sale
3862,22,22 - East Sale
3864,22,22 - East Sale
3865,22,22 - East Sale
3869,22,22 - East Sale
3870,22,22 - East Sale
3871,22,22 - East Sale
3873,22,22 - East Sale
3874,22,22 - East Sale
3875,22,22 - East Sale
3878,22,22 - East Sale
3880,22,22 - East Sale
3882,22,22 - East Sale
3885,22,22 - East Sale
3886,22,22 - East Sale
3887,22,22 - East Sale
3888,22,22 - East Sale
3889,22,22 - East Sale
3890,22,22 - East Sale
3891,22,22 - East Sale
3892,22,22 - East Sale
3893,22,22 - East Sale
3895,22,22 - East Sale
3902,22,22 - East Sale
3903,22,22 - East Sale
3904,22,22 - East Sale
3909,22,22 - East Sale
3921,22,22 - East Sale
3922,22,22 - East Sale
3923,22,22 - East Sale
3945,22,22 - East Sale
3946,22,22 - East Sale
3950,22,22 - East Sale
3951,22,22 - East Sale
3953,22,22 - East Sale
3954,22,22 - East Sale
3957,22,22 - East Sale
3958,22,22 - East Sale
3966,22,22 - East Sale
3967,22,22 - East Sale
3971,22,22 - East Sale
3979,22,22 - East Sale
3987,22,22 - East Sale
3988,22,22 - East Sale
3990,22,22 - East Sale
3991,22,22 - East Sale
3992,22,22 - East Sale
7248,23,23 - Launceston (Ti Tree Bend)
7249,23,23 - Launceston (Ti Tree Bend)
7250,23,23 - Launceston (Ti Tree Bend)
7277,23,23 - Launceston (Ti Tree Bend)
2575,24,24 - Canberra
2576,24,24 - Canberra
2577,24,24 - Canberra
2578,24,24 - Canberra
2579,24,24 - Canberra
2580,24,24 - Canberra
2581,24,24 - Canberra
2582,24,24 - Canberra
2600,24,24 - Canberra
2601,24,24 - Canberra
2602,24,24 - Canberra
2603,24,24 - Canberra
2604,24,24 - Canberra
2605,24,24 - Canberra
2606,24,24 - Canberra
2607,24,24 - Canberra
2609,24,24 - Canberra
2611,24,24 - Canberra
2612,24,24 - Canberra
2614,24,24 - Canberra
2615,24,24 - Canberra
2617,24,24 - Canberra
2618,24,24 - Canberra
2619,24,24 - Canberra
2620,24,24 - Canberra
2621,24,24 - Canberra
2622,24,24 - Canberra
2623,24,24 - Canberra
2626,24,24 - Canberra
2628,24,24 - Canberra
2630,24,24 - Canberra
2631,24,24 - Canberra
2632,24,24 - Canberra
2633,24,24 - Canberra
2649,24,24 - Canberra
2653,24,24 - Canberra
2720,24,24 - Canberra
2730,24,24 - Canberra
2776,24,24 - Canberra
2778,24,24 - Canberra
2779,24,24 - Canberra
2780,24,24 - Canberra
2782,24,24 - Canberra
2783,24,24 - Canberra
2784,24,24 - Canberra
2785,24,24 - Canberra
2786,24,24 - Canberra
2900,24,24 - Canberra
2902,24,24 - Canberra
2903,24,24 - Canberra
2904,24,24 - Canberra
2905,24,24 - Canberra
2906,24,24 - Canberra
2911,24,24 - Canberra
2912,24,24 - Canberra
2913,24,24 - Canberra
2914,24,24 - Canberra
3896,24,24 - Canberra
3898,24,24 - Canberra
3900,24,24 - Canberra
2629,25,25 - Cabramurra
3723,25,25 - Cabramurra
7000,26,26 - Hobart
7001,26,26 - Hobart
7004,26,26 - Hobart
7005,26,26 - Hobart
7007,26,26 - Hobart
7008,26,26 - Hobart
7009,26,26 - Hobart
7010,26,26 - Hobart
7011,26,26 - Hobart
7012,26,26 - Hobart
7015,26,26 - Hobart
7016,26,26 - Hobart
7017,26,26 - Hobart
7018,26,26 - Hobart
7019,26,26 - Hobart
7020,26,26 - Hobart
7021,26,26 - Hobart
7022,26,26 - Hobart
7023,26,26 - Hobart
7024,26,26 - Hobart
7025,26,26 - Hobart
7026,26,26 - Hobart
7027,26,26 - Hobart
7050,26,26 - Hobart
7052,26,26 - Hobart
7053,26,26 - Hobart
7054,26,26 - Hobart
7055,26,26 - Hobart
7109,26,26 - Hobart
7112,26,26 - Hobart
7113,26,26 - Hobart
7116,26,26 - Hobart
7117,26,26 - Hobart
7139,26,26 - Hobart
7150,26,26 - Hobart
7155,26,26 - Hobart
7162,26,26 - Hobart
7163,26,26 - Hobart
7170,26,26 - Hobart
7171,26,26 - Hobart
7172,26,26 - Hobart
7173,26,26 - Hobart
7174,26,26 - Hobart
7175,26,26 - Hobart
7176,26,26 - Hobart
7177,26,26 - Hobart
7178,26,26 - Hobart
7179,26,26 - Hobart
7180,26,26 - Hobart
7182,26,26 - Hobart
7183,26,26 - Hobart
7184,26,26 - Hobart
7185,26,26 - Hobart
7186,26,26 - Hobart
7187,26,26 - Hobart
7190,26,26 - Hobart
7321,26,26 - Hobart
7322,26,26 - Hobart
7325,26,26 - Hobart
7330,26,26 - Hobart
7331,26,26 - Hobart
7467,26,26 - Hobart
7468,26,26 - Hobart
7469,26,26 - Hobart
7470,26,26 - Hobart
2648,27,27 - Mildura
2669,27,27 - Mildura
2680,27,27 - Mildura
2681,27,27 - Mildura
2700,27,27 - Mildura
2703,27,27 - Mildura
2705,27,27 - Mildura
2706,27,27 - Mildura
2707,27,27 - Mildura
2710,27,27 - Mildura
2711,27,27 - Mildura
2713,27,27 - Mildura
2714,27,27 - Mildura
2715,27,27 - Mildura
2716,27,27 - Mildura
2717,27,27 - Mildura
2731,27,27 - Mildura
2732,27,27 - Mildura
2733,27,27 - Mildura
2734,27,27 - Mildura
2735,27,27 - Mildura
2736,27,27 - Mildura
2737,27,27 - Mildura
2738,27,27 - Mildura
2739,27,27 - Mildura
3391,27,27 - Mildura
3392,27,27 - Mildura
3393,27,27 - Mildura
3395,27,27 - Mildura
3396,27,27 - Mildura
3400,27,27 - Mildura
3401,27,27 - Mildura
3407,27,27 - Mildura
3409,27,27 - Mildura
3412,27,27 - Mildura
3414,27,27 - Mildura
3415,27,27 - Mildura
3418,27,27 - Mildura
3419,27,27 - Mildura
3423,27,27 - Mildura
3424,27,27 - Mildura
3482,27,27 - Mildura
3483,27,27 - Mildura
3485,27,27 - Mildura
3487,27,27 - Mildura
3488,27,27 - Mildura
3489,27,27 - Mildura
3490,27,27 - Mildura
3491,27,27 - Mildura
3494,27,27 - Mildura
3496,27,27 - Mildura
3498,27,27 - Mildura
3500,27,27 - Mildura
3501,27,27 - Mildura
3505,27,27 - Mildura
3506,27,27 - Mildura
3507,27,27 - Mildura
3509,27,27 - Mildura
3512,27,27 - Mildura
3527,27,27 - Mildura
3529,27,27 - Mildura
3530,27,27 - Mildura
3531,27,27 - Mildura
3533,27,27 - Mildura
3537,27,27 - Mildura
3540,27,27 - Mildura
3542,27,27 - Mildura
3544,27,27 - Mildura
3546,27,27 - Mildura
3549,27,27 - Mildura
3563,27,27 - Mildura
3567,27,27 - Mildura
3568,27,27 - Mildura
3573,27,27 - Mildura
3576,27,27 - Mildura
3579,27,27 - Mildura
3580,27,27 - Mildura
3581,27,27 - Mildura
3583,27,27 - Mildura
3584,27,27 - Mildura
3585,27,27 - Mildura
3586,27,27 - Mildura
3588,27,27 - Mildura
3589,27,27 - Mildura
3590,27,27 - Mildura
3591,27,27 - Mildura
3594,27,27 - Mildura
3595,27,27 - Mildura
3596,27,27 - Mildura
3597,27,27 - Mildura
3599,27,27 - Mildura
5238,27,27 - Mildura
5267,27,27 - Mildura
5268,27,27 - Mildura
5269,27,27 - Mildura
5301,27,27 - Mildura
5302,27,27 - Mildura
5303,27,27 - Mildura
5304,27,27 - Mildura
5306,27,27 - Mildura
5307,27,27 - Mildura
5308,27,27 - Mildura
5309,27,27 - Mildura
5310,27,27 - Mildura
5311,27,27 - Mildura
5320,27,27 - Mildura
5321,27,27 - Mildura
5322,27,27 - Mildura
5330,27,27 - Mildura
5331,27,27 - Mildura
5332,27,27 - Mildura
5333,27,27 - Mildura
5340,27,27 - Mildura
5341,27,27 - Mildura
5342,27,27 - Mildura
5343,27,27 - Mildura
5344,27,27 - Mildura
5345,27,27 - Mildura
5346,27,27 - Mildura
5353,27,27 - Mildura
5354,27,27 - Mildura
5357,27,27 - Mildura
5381,27,27 - Mildura
5418,27,27 - Mildura
5419,27,27 - Mildura
5420,27,27 - Mildura
5421,27,27 - Mildura
5480,27,27 - Mildura
5481,27,27 - Mildura
5482,27,27 - Mildura
5483,27,27 - Mildura
5485,27,27 - Mildura
5490,27,27 - Mildura
5491,27,27 - Mildura
5493,27,27 - Mildura
5495,27,27 - Mildura
5501,27,27 - Mildura
5502,27,27 - Mildura
5510,27,27 - Mildura
5520,27,27 - Mildura
5521,27,27 - Mildura
5522,27,27 - Mildura
5523,27,27 - Mildura
5540,27,27 - Mildura
5550,27,27 - Mildura
5552,27,27 - Mildura
5554,27,27 - Mildura
5555,27,27 - Mildura
5556,27,27 - Mildura
2145,28,28 - Richmond RAAF
2146,28,28 - Richmond RAAF
2147,28,28 - Richmond RAAF
2148,28,28 - Richmond RAAF
2155,28,28 - Richmond RAAF
2156,28,28 - Richmond RAAF
2157,28,28 - Richmond RAAF
2158,28,28 - Richmond RAAF
2159,28,28 - Richmond RAAF
2164,28,28 - Richmond RAAF
2165,28,28 - Richmond RAAF
2166,28,28 - Richmond RAAF
2167,28,28 - Richmond RAAF
2168,28,28 - Richmond RAAF
2170,28,28 - Richmond RAAF
2171,28,28 - Richmond RAAF
2172,28,28 - Richmond RAAF
2173,28,28 - Richmond RAAF
2174,28,28 - Richmond RAAF
2175,28,28 - Richmond RAAF
2176,28,28 - Richmond RAAF
2177,28,28 - Richmond RAAF
2178,28,28 - Richmond RAAF
2179,28,28 - Richmond RAAF
2311,28,28 - Richmond RAAF
2320,28,28 - Richmond RAAF
2321,28,28 - Richmond RAAF
2322,28,28 - Richmond RAAF
2323,28,28 - Richmond RAAF
2325,28,28 - Richmond RAAF
2326,28,28 - Richmond RAAF
2327,28,28 - Richmond RAAF
2330,28,28 - Richmond RAAF
2331,28,28 - Richmond RAAF
2334,28,28 - Richmond RAAF
2335,28,28 - Richmond RAAF
2415,28,28 - Richmond RAAF
2420,28,28 - Richmond RAAF
2421,28,28 - Richmond RAAF
2422,28,28 - Richmond RAAF
2424,28,28 - Richmond RAAF
2425,28,28 - Richmond RAAF
2555,28,28 - Richmond RAAF
2556,28,28 - Richmond RAAF
2557,28,28 - Richmond RAAF
2558,28,28 - Richmond RAAF
2559,28,28 - Richmond RAAF
2560,28,28 - Richmond RAAF
2563,28,28 - Richmond RAAF
2564,28,28 - Richmond RAAF
2565,28,28 - Richmond RAAF
2566,28,28 - Richmond RAAF
2567,28,28 - Richmond RAAF
2568,28,28 - Richmond RAAF
2569,28,28 - Richmond RAAF
2570,28,28 - Richmond RAAF
2571,28,28 - Richmond RAAF
2572,28,28 - Richmond RAAF
2573,28,28 - Richmond RAAF
2574,28,28 - Richmond RAAF
2745,28,28 - Richmond RAAF
2747,28,28 - Richmond RAAF
2748,28,28 - Richmond RAAF
2749,28,28 - Richmond RAAF
2750,28,28 - Richmond RAAF
2752,28,28 - Richmond RAAF
2753,28,28 - Richmond RAAF
2754,28,28 - Richmond RAAF
2755,28,28 - Richmond RAAF
2756,28,28 - Richmond RAAF
2757,28,28 - Richmond RAAF
2758,28,28 - Richmond RAAF
2759,28,28 - Richmond RAAF
2760,28,28 - Richmond RAAF
2761,28,28 - Richmond RAAF
2762,28,28 - Richmond RAAF
2763,28,28 - Richmond RAAF
2765,28,28 - Richmond RAAF
2766,28,28 - Richmond RAAF
2767,28,28 - Richmond RAAF
2768,28,28 - Richmond RAAF
2769,28,28 - Richmond RAAF
2770,28,28 - Richmond RAAF
2773,28,28 - Richmond RAAF
2774,28,28 - Richmond RAAF
2775,28,28 - Richmond RAAF
2777,28,28 - Richmond RAAF
4830,29,29 - Weipa
4871,29,29 - Weipa
4874,29,29 - Weipa
4875,29,29 - Weipa
4876,29,29 - Weipa
4890,29,29 - Weipa
4891,29,29 - Weipa
0886,30,30 - Wyndham
6728,30,30 - Wyndham
6733,30,30 - Wyndham
6740,30,30 - Wyndham
6743,30,30 - Wyndham
6798,31,31 - Willis Island
6799,31,31 - Willis Island
4849,32,32 - Cairns
4850,32,32 - Cairns
4852,32,32 - Cairns
4854,32,32 - Cairns
4855,32,32 - Cairns
4856,32,32 - Cairns
4857,32,32 - Cairns
4858,32,32 - Cairns
4859,32,32 - Cairns
4860,32,32 - Cairns
4861,32,32 - Cairns
4865,32,32 - Cairns
4868,32,32 - Cairns
4869,32,32 - Cairns
4870,32,32 - Cairns
4872,32,32 - Cairns
4873,32,32 - Cairns
4877,32,32 - Cairns
4878,32,32 - Cairns
4879,32,32 - Cairns
4880,32,32 - Cairns
4881,32,32 - Cairns
4882,32,32 - Cairns
4883,32,32 - Cairns
4887,32,32 - Cairns
4888,32,32 - Cairns
4895,32,32 - Cairns
6725,33,33 - Broome
6726,33,33 - Broome
6707,34,34 - Learmonth
4706,35,35 - Mackay
4707,35,35 - Mackay
4737,35,35 - Mackay
4738,35,35 - Mackay
4739,35,35 - Mackay
4740,35,35 - Mackay
4741,35,35 - Mackay
4743,35,35 - Mackay
4750,35,35 - Mackay
4753,35,35 - Mackay
4754,35,35 - Mackay
4756,35,35 - Mackay
4757,35,35 - Mackay
4798,35,35 - Mackay
4799,35,35 - Mackay
4800,35,35 - Mackay
4801,35,35 - Mackay
4802,35,35 - Mackay
4803,35,35 - Mackay
4884,35,35 - Mackay
4885,35,35 - Mackay
4886,35,35 - Mackay
4621,36,36 - Gladstone
4650,36,36 - Gladstone
4655,36,36 - Gladstone
4659,36,36 - Gladstone
4660,36,36 - Gladstone
4662,36,36 - Gladstone
4670,36,36 - Gladstone
4671,36,36 - Gladstone
4673,36,36 - Gladstone
4674,36,36 - Gladstone
4676,36,36 - Gladstone
4677,36,36 - Gladstone
4678,36,36 - Gladstone
4680,36,36 - Gladstone
4694,36,36 - Gladstone
4695,36,36 - Gladstone
0847,37,37 - Halls Creek
0850,37,37 - Halls Creek
0851,37,37 - Halls Creek
0852,37,37 - Halls Creek
0853,37,37 - Halls Creek
0854,37,37 - Halls Creek
0862,37,37 - Halls Creek
6765,37,37 - Halls Creek
6770,37,37 - Halls Creek
0860,38,38 - Tennant Creek
0861,38,38 - Tennant Creek
4820,39,39 - Mt Isa
4821,39,39 - Mt Isa
4822,39,39 - Mt Isa
4823,39,39 - Mt Isa
4824,39,39 - Mt Isa
4825,39,39 - Mt Isa
4828,39,39 - Mt Isa
4829,39,39 - Mt Isa
6642,40,40 - Newman
6716,40,40 - Newman
6751,40,40 - Newman
6753,40,40 - Newman
6754,40,40 - Newman
6758,40,40 - Newman
6762,40,40 - Newman
6438,41,41 - Giles
6440,41,41 - Giles
6646,41,41 - Giles
6760,41,41 - Giles
6431,42,42 - Meekatharra
6436,42,42 - Meekatharra
6437,42,42 - Meekatharra
6468,42,42 - Meekatharra
6470,42,42 - Meekatharra
6472,42,42 - Meekatharra
6517,42,42 - Meekatharra
6519,42,42 - Meekatharra
6522,42,42 - Meekatharra
6609,42,42 - Meekatharra
6612,42,42 - Meekatharra
6613,42,42 - Meekatharra
6614,42,42 - Meekatharra
6616,42,42 - Meekatharra
6620,42,42 - Meekatharra
6623,42,42 - Meekatharra
6625,42,42 - Meekatharra
6627,42,42 - Meekatharra
6628,42,42 - Meekatharra
6630,42,42 - Meekatharra
6631,42,42 - Meekatharra
6632,42,42 - Meekatharra
6635,42,42 - Meekatharra
6638,42,42 - Meekatharra
6639,42,42 - Meekatharra
6640,42,42 - Meekatharra
6705,42,42 - Meekatharra
5723,43,43 - Oodnadatta
5724,43,43 - Oodnadatta
5730,43,43 - Oodnadatta
5731,43,43 - Oodnadatta
5732,43,43 - Oodnadatta
5733,43,43 - Oodnadatta
5734,43,43 - Oodnadatta
6302,44,44 - Kalgoorlie
6304,44,44 - Kalgoorlie
6306,44,44 - Kalgoorlie
6308,44,44 - Kalgoorlie
6309,44,44 - Kalgoorlie
6311,44,44 - Kalgoorlie
6353,44,44 - Kalgoorlie
6355,44,44 - Kalgoorlie
6356,44,44 - Kalgoorlie
6357,44,44 - Kalgoorlie
6358,44,44 - Kalgoorlie
6359,44,44 - Kalgoorlie
6363,44,44 - Kalgoorlie
6365,44,44 - Kalgoorlie
6367,44,44 - Kalgoorlie
6368,44,44 - Kalgoorlie
6369,44,44 - Kalgoorlie
6370,44,44 - Kalgoorlie
6372,44,44 - Kalgoorlie
6373,44,44 - Kalgoorlie
6375,44,44 - Kalgoorlie
6383,44,44 - Kalgoorlie
6384,44,44 - Kalgoorlie
6385,44,44 - Kalgoorlie
6386,44,44 - Kalgoorlie
6401,44,44 - Kalgoorlie
6403,44,44 - Kalgoorlie
6405,44,44 - Kalgoorlie
6407,44,44 - Kalgoorlie
6409,44,44 - Kalgoorlie
6410,44,44 - Kalgoorlie
6411,44,44 - Kalgoorlie
6412,44,44 - Kalgoorlie
6413,44,44 - Kalgoorlie
6414,44,44 - Kalgoorlie
6415,44,44 - Kalgoorlie
6418,44,44 - Kalgoorlie
6419,44,44 - Kalgoorlie
6420,44,44 - Kalgoorlie
6421,44,44 - Kalgoorlie
6422,44,44 - Kalgoorlie
6423,44,44 - Kalgoorlie
6424,44,44 - Kalgoorlie
6425,44,44 - Kalgoorlie
6426,44,44 - Kalgoorlie
6427,44,44 - Kalgoorlie
6428,44,44 - Kalgoorlie
6429,44,44 - Kalgoorlie
6430,44,44 - Kalgoorlie
6432,44,44 - Kalgoorlie
6442,44,44 - Kalgoorlie
6460,44,44 - Kalgoorlie
6461,44,44 - Kalgoorlie
6462,44,44 - Kalgoorlie
6463,44,44 - Kalgoorlie
6465,44,44 - Kalgoorlie
6466,44,44 - Kalgoorlie
6467,44,44 - Kalgoorlie
6473,44,44 - Kalgoorlie
6475,44,44 - Kalgoorlie
6476,44,44 - Kalgoorlie
6477,44,44 - Kalgoorlie
6479,44,44 - Kalgoorlie
6480,44,44 - Kalgoorlie
6484,44,44 - Kalgoorlie
6485,44,44 - Kalgoorlie
6487,44,44 - Kalgoorlie
6488,44,44 - Kalgoorlie
6489,44,44 - Kalgoorlie
6490,44,44 - Kalgoorlie
6502,44,44 - Kalgoorlie
6507,44,44 - Kalgoorlie
6509,44,44 - Kalgoorlie
6510,44,44 - Kalgoorlie
6512,44,44 - Kalgoorlie
6513,44,44 - Kalgoorlie
6514,44,44 - Kalgoorlie
6521,44,44 - Kalgoorlie
6564,44,44 - Kalgoorlie
6566,44,44 - Kalgoorlie
6568,44,44 - Kalgoorlie
6569,44,44 - Kalgoorlie
6571,44,44 - Kalgoorlie
6572,44,44 - Kalgoorlie
6574,44,44 - Kalgoorlie
6575,44,44 - Kalgoorlie
6603,44,44 - Kalgoorlie
6605,44,44 - Kalgoorlie
6606,44,44 - Kalgoorlie
6608,44,44 - Kalgoorlie
5422,45,45 - Woomera
5433,45,45 - Woomera
5434,45,45 - Woomera
5440,45,45 - Woomera
5650,45,45 - Woomera
5651,45,45 - Woomera
5652,45,45 - Woomera
5653,45,45 - Woomera
5654,45,45 - Woomera
5655,45,45 - Woomera
5660,45,45 - Woomera
5700,45,45 - Woomera
5710,45,45 - Woomera
5720,45,45 - Woomera
5722,45,45 - Woomera
5725,45,45 - Woomera
2672,46,46 - Cobar
2675,46,46 - Cobar
2831,46,46 - Cobar
2835,46,46 - Cobar
2836,46,46 - Cobar
2839,46,46 - Cobar
2840,46,46 - Cobar
2877,46,46 - Cobar
2878,46,46 - Cobar
2879,46,46 - Cobar
2880,46,46 - Cobar
6070,47,47 - Bickley
6071,47,47 - Bickley
6072,47,47 - Bickley
6073,47,47 - Bickley
6074,47,47 - Bickley
6076,47,47 - Bickley
6081,47,47 - Bickley
6082,47,47 - Bickley
6083,47,47 - Bickley
6124,47,47 - Bickley
6213,47,47 - Bickley
6215,47,47 - Bickley
6218,47,47 - Bickley
6220,47,47 - Bickley
6223,47,47 - Bickley
6224,47,47 - Bickley
6225,47,47 - Bickley
6226,47,47 - Bickley
6227,47,47 - Bickley
6556,47,47 - Bickley
6558,47,47 - Bickley
6560,47,47 - Bickley
6562,47,47 - Bickley
6567,47,47 - Bickley
2357,48,48 - Dubbo
2379,48,48 - Dubbo
2395,48,48 - Dubbo
2396,48,48 - Dubbo
2671,48,48 - Dubbo
2794,48,48 - Dubbo
2804,48,48 - Dubbo
2805,48,48 - Dubbo
2806,48,48 - Dubbo
2809,48,48 - Dubbo
2810,48,48 - Dubbo
2820,48,48 - Dubbo
2821,48,48 - Dubbo
2823,48,48 - Dubbo
2824,48,48 - Dubbo
2825,48,48 - Dubbo
2827,48,48 - Dubbo
2828,48,48 - Dubbo
2829,48,48 - Dubbo
2830,48,48 - Dubbo
2842,48,48 - Dubbo
2843,48,48 - Dubbo
2844,48,48 - Dubbo
2852,48,48 - Dubbo
2864,48,48 - Dubbo
2868,48,48 - Dubbo
2869,48,48 - Dubbo
2870,48,48 - Dubbo
2871,48,48 - Dubbo
2873,48,48 - Dubbo
2874,48,48 - Dubbo
2875,48,48 - Dubbo
2876,48,48 - Dubbo
6244,49,49 - Katanning
6312,49,49 - Katanning
6313,49,49 - Katanning
6315,49,49 - Katanning
6316,49,49 - Katanning
6317,49,49 - Katanning
6318,49,49 - Katanning
6320,49,49 - Katanning
6321,49,49 - Katanning
6322,49,49 - Katanning
6324,49,49 - Katanning
6326,49,49 - Katanning
6335,49,49 - Katanning
6336,49,49 - Katanning
6341,49,49 - Katanning
6343,49,49 - Katanning
6350,49,49 - Katanning
6351,49,49 - Katanning
6352,49,49 - Katanning
6361,49,49 - Katanning
6390,49,49 - Katanning
6391,49,49 - Katanning
6392,49,49 - Katanning
6393,49,49 - Katanning
6394,49,49 - Katanning
6395,49,49 - Katanning
6396,49,49 - Katanning
4344,50,50 - Oakey
4347,50,50 - Oakey
4350,50,50 - Oakey
4352,50,50 - Oakey
4353,50,50 - Oakey
4354,50,50 - Oakey
4355,50,50 - Oakey
4356,50,50 - Oakey
4358,50,50 - Oakey
4359,50,50 - Oakey
4360,50,50 - Oakey
4361,50,50 - Oakey
4362,50,50 - Oakey
4363,50,50 - Oakey
4364,50,50 - Oakey
4365,50,50 - Oakey
4373,50,50 - Oakey
4374,50,50 - Oakey
4375,50,50 - Oakey
4376,50,50 - Oakey
4377,50,50 - Oakey
4380,50,50 - Oakey
4381,50,50 - Oakey
4382,50,50 - Oakey
4383,50,50 - Oakey
4384,50,50 - Oakey
4387,50,50 - Oakey
4388,50,50 - Oakey
4400,50,50 - Oakey
4401,50,50 - Oakey
4402,50,50 - Oakey
4403,50,50 - Oakey
4404,50,50 - Oakey
4407,50,50 - Oakey
4601,50,50 - Oakey
4605,50,50 - Oakey
4606,50,50 - Oakey
4608,50,50 - Oakey
4610,50,50 - Oakey
4611,50,50 - Oakey
4614,50,50 - Oakey
4615,50,50 - Oakey
4620,50,50 - Oakey
6434,51,51 - Forrest
6011,52,52 - Swanbourne
6012,52,52 - Swanbourne
6015,52,52 - Swanbourne
6019,52,52 - Swanbourne
6020,52,52 - Swanbourne
6023,52,52 - Swanbourne
6025,52,52 - Swanbourne
6028,52,52 - Swanbourne
6029,52,52 - Swanbourne
6030,52,52 - Swanbourne
6034,52,52 - Swanbourne
6035,52,52 - Swanbourne
6036,52,52 - Swanbourne
6038,52,52 - Swanbourne
6041,52,52 - Swanbourne
6042,52,52 - Swanbourne
6044,52,52 - Swanbourne
6158,52,52 - Swanbourne
6159,52,52 - Swanbourne
6160,52,52 - Swanbourne
6161,52,52 - Swanbourne
6162,52,52 - Swanbourne
6163,52,52 - Swanbourne
6503,52,52 - Swanbourne
6907,52,52 - Swanbourne
5220,53,53 - Ceduna
5221,53,53 - Ceduna
5223,53,53 - Ceduna
5558,53,53 - Ceduna
5560,53,53 - Ceduna
5570,53,53 - Ceduna
5571,53,53 - Ceduna
5572,53,53 - Ceduna
5573,53,53 - Ceduna
5575,53,53 - Ceduna
5576,53,53 - Ceduna
5577,53,53 - Ceduna
5580,53,53 - Ceduna
5630,53,53 - Ceduna
5631,53,53 - Ceduna
5632,53,53 - Ceduna
5633,53,53 - Ceduna
5640,53,53 - Ceduna
5641,53,53 - Ceduna
5642,53,53 - Ceduna
5661,53,53 - Ceduna
5670,53,53 - Ceduna
5671,53,53 - Ceduna
5680,53,53 - Ceduna
5690,53,53 - Ceduna
6165,54,54 - Mandurah
6166,54,54 - Mandurah
6167,54,54 - Mandurah
6168,54,54 - Mandurah
6169,54,54 - Mandurah
6171,54,54 - Mandurah
6172,54,54 - Mandurah
6173,54,54 - Mandurah
6174,54,54 - Mandurah
6175,54,54 - Mandurah
6180,54,54 - Mandurah
6209,54,54 - Mandurah
6210,54,54 - Mandurah
6211,54,54 - Mandurah
6214,54,54 - Mandurah
6221,54,54 - Mandurah
6228,54,54 - Mandurah
6229,54,54 - Mandurah
6230,54,54 - Mandurah
6232,54,54 - Mandurah
6233,54,54 - Mandurah
6236,54,54 - Mandurah
6237,54,54 - Mandurah
6271,54,54 - Mandurah
6280,54,54 - Mandurah
6281,54,54 - Mandurah
6282,54,54 - Mandurah
6284,54,54 - Mandurah
6285,54,54 - Mandurah
6286,54,54 - Mandurah
6288,54,54 - Mandurah
6290,54,54 - Mandurah
6443,55,55 - Esperance
6445,55,55 - Esperance
6446,55,55 - Esperance
6447,55,55 - Esperance
6448,55,55 - Esperance
6450,55,55 - Esperance
6452,55,55 - Esperance
1639,56,56 - Mascot (Sydney AP)
2006,56,56 - Mascot (Sydney AP)
2009,56,56 - Mascot (Sydney AP)
2015,56,56 - Mascot (Sydney AP)
2016,56,56 - Mascot (Sydney AP)
2017,56,56 - Mascot (Sydney AP)
2018,56,56 - Mascot (Sydney AP)
2019,56,56 - Mascot (Sydney AP)
2020,56,56 - Mascot (Sydney AP)
2021,56,56 - Mascot (Sydney AP)
2022,56,56 - Mascot (Sydney AP)
2023,56,56 - Mascot (Sydney AP)
2024,56,56 - Mascot (Sydney AP)
2025,56,56 - Mascot (Sydney AP)
2026,56,56 - Mascot (Sydney AP)
2027,56,56 - Mascot (Sydney AP)
2028,56,56 - Mascot (Sydney AP)
2029,56,56 - Mascot (Sydney AP)
2030,56,56 - Mascot (Sydney AP)
2031,56,56 - Mascot (Sydney AP)
2032,56,56 - Mascot (Sydney AP)
2033,56,56 - Mascot (Sydney AP)
2034,56,56 - Mascot (Sydney AP)
2035,56,56 - Mascot (Sydney AP)
2036,56,56 - Mascot (Sydney AP)
2037,56,56 - Mascot (Sydney AP)
2038,56,56 - Mascot (Sydney AP)
2039,56,56 - Mascot (Sydney AP)
2040,56,56 - Mascot (Sydney AP)
2041,56,56 - Mascot (Sydney AP)
2042,56,56 - Mascot (Sydney AP)
2043,56,56 - Mascot (Sydney AP)
2044,56,56 - Mascot (Sydney AP)
2045,56,56 - Mascot (Sydney AP)
2046,56,56 - Mascot (Sydney AP)
2047,56,56 - Mascot (Sydney AP)
2048,56,56 - Mascot (Sydney AP)
2049,56,56 - Mascot (Sydney AP)
2050,56,56 - Mascot (Sydney AP)
2052,56,56 - Mascot (Sydney AP)
2062,56,56 - Mascot (Sydney AP)
2063,56,56 - Mascot (Sydney AP)
2064,56,56 - Mascot (Sydney AP)
2065,56,56 - Mascot (Sydney AP)
2066,56,56 - Mascot (Sydney AP)
2067,56,56 - Mascot (Sydney AP)
2068,56,56 - Mascot (Sydney AP)
2069,56,56 - Mascot (Sydney AP)
2070,56,56 - Mascot (Sydney AP)
2071,56,56 - Mascot (Sydney AP)
2072,56,56 - Mascot (Sydney AP)
2073,56,56 - Mascot (Sydney AP)
2074,56,56 - Mascot (Sydney AP)
2075,56,56 - Mascot (Sydney AP)
2076,56,56 - Mascot (Sydney AP)
2077,56,56 - Mascot (Sydney AP)
2079,56,56 - Mascot (Sydney AP)
2080,56,56 - Mascot (Sydney AP)
2081,56,56 - Mascot (Sydney AP)
2082,56,56 - Mascot (Sydney AP)
2083,56,56 - Mascot (Sydney AP)
2084,56,56 - Mascot (Sydney AP)
2085,56,56 - Mascot (Sydney AP)
2086,56,56 - Mascot (Sydney AP)
2087,56,56 - Mascot (Sydney AP)
2088,56,56 - Mascot (Sydney AP)
2089,56,56 - Mascot (Sydney AP)
2090,56,56 - Mascot (Sydney AP)
2092,56,56 - Mascot (Sydney AP)
2093,56,56 - Mascot (Sydney AP)
2094,56,56 - Mascot (Sydney AP)
2095,56,56 - Mascot (Sydney AP)
2096,56,56 - Mascot (Sydney AP)
2097,56,56 - Mascot (Sydney AP)
2099,56,56 - Mascot (Sydney AP)
2100,56,56 - Mascot (Sydney AP)
2101,56,56 - Mascot (Sydney AP)
2102,56,56 - Mascot (Sydney AP)
2103,56,56 - Mascot (Sydney AP)
2104,56,56 - Mascot (Sydney AP)
2105,56,56 - Mascot (Sydney AP)
2106,56,56 - Mascot (Sydney AP)
2107,56,56 - Mascot (Sydney AP)
2108,56,56 - Mascot (Sydney AP)
2109,56,56 - Mascot (Sydney AP)
2110,56,56 - Mascot (Sydney AP)
2111,56,56 - Mascot (Sydney AP)
2112,56,56 - Mascot (Sydney AP)
2113,56,56 - Mascot (Sydney AP)
2114,56,56 - Mascot (Sydney AP)
2115,56,56 - Mascot (Sydney AP)
2116,56,56 - Mascot (Sydney AP)
2117,56,56 - Mascot (Sydney AP)
2118,56,56 - Mascot (Sydney AP)
2119,56,56 - Mascot (Sydney AP)
2120,56,56 - Mascot (Sydney AP)
2121,56,56 - Mascot (Sydney AP)
2122,56,56 - Mascot (Sydney AP)
2123,56,56 - Mascot (Sydney AP)
2125,56,56 - Mascot (Sydney AP)
2126,56,56 - Mascot (Sydney AP)
2127,56,56 - Mascot (Sydney AP)
2128,56,56 - Mascot (Sydney AP)
2130,56,56 - Mascot (Sydney AP)
2131,56,56 - Mascot (Sydney AP)
2132,56,56 - Mascot (Sydney AP)
2133,56,56 - Mascot (Sydney AP)
2134,56,56 - Mascot (Sydney AP)
2135,56,56 - Mascot (Sydney AP)
2136,56,56 - Mascot (Sydney AP)
2137,56,56 - Mascot (Sydney AP)
2138,56,56 - Mascot (Sydney AP)
2139,56,56 - Mascot (Sydney AP)
2140,56,56 - Mascot (Sydney AP)
2141,56,56 - Mascot (Sydney AP)
2142,56,56 - Mascot (Sydney AP)
2143,56,56 - Mascot (Sydney AP)
2144,56,56 - Mascot (Sydney AP)
2150,56,56 - Mascot (Sydney AP)
2151,56,56 - Mascot (Sydney AP)
2152,56,56 - Mascot (Sydney AP)
2153,56,56 - Mascot (Sydney AP)
2154,56,56 - Mascot (Sydney AP)
2160,56,56 - Mascot (Sydney AP)
2161,56,56 - Mascot (Sydney AP)
2162,56,56 - Mascot (Sydney AP)
2163,56,56 - Mascot (Sydney AP)
2190,56,56 - Mascot (Sydney AP)
2191,56,56 - Mascot (Sydney AP)
2192,56,56 - Mascot (Sydney AP)
2193,56,56 - Mascot (Sydney AP)
2194,56,56 - Mascot (Sydney AP)
2195,56,56 - Mascot (Sydney AP)
2196,56,56 - Mascot (Sydney AP)
2197,56,56 - Mascot (Sydney AP)
2198,56,56 - Mascot (Sydney AP)
2199,56,56 - Mascot (Sydney AP)
2200,56,56 - Mascot (Sydney AP)
2203,56,56 - Mascot (Sydney AP)
2204,56,56 - Mascot (Sydney AP)
2205,56,56 - Mascot (Sydney AP)
2206,56,56 - Mascot (Sydney AP)
2207,56,56 - Mascot (Sydney AP)
2208,56,56 - Mascot (Sydney AP)
2209,56,56 - Mascot (Sydney AP)
2210,56,56 - Mascot (Sydney AP)
2211,56,56 - Mascot (Sydney AP)
2212,56,56 - Mascot (Sydney AP)
2213,56,56 - Mascot (Sydney AP)
2214,56,56 - Mascot (Sydney AP)
2216,56,56 - Mascot (Sydney AP)
2217,56,56 - Mascot (Sydney AP)
2218,56,56 - Mascot (Sydney AP)
2219,56,56 - Mascot (Sydney AP)
2220,56,56 - Mascot (Sydney AP)
2221,56,56 - Mascot (Sydney AP)
2222,56,56 - Mascot (Sydney AP)
2223,56,56 - Mascot (Sydney AP)
2224,56,56 - Mascot (Sydney AP)
2225,56,56 - Mascot (Sydney AP)
2226,56,56 - Mascot (Sydney AP)
2227,56,56 - Mascot (Sydney AP)
2228,56,56 - Mascot (Sydney AP)
2229,56,56 - Mascot (Sydney AP)
2230,56,56 - Mascot (Sydney AP)
2231,56,56 - Mascot (Sydney AP)
2232,56,56 - Mascot (Sydney AP)
2233,56,56 - Mascot (Sydney AP)
2234,56,56 - Mascot (Sydney AP)
2500,56,56 - Mascot (Sydney AP)
2502,56,56 - Mascot (Sydney AP)
2505,56,56 - Mascot (Sydney AP)
2506,56,56 - Mascot (Sydney AP)
2508,56,56 - Mascot (Sydney AP)
2515,56,56 - Mascot (Sydney AP)
2516,56,56 - Mascot (Sydney AP)
2517,56,56 - Mascot (Sydney AP)
2518,56,56 - Mascot (Sydney AP)
2519,56,56 - Mascot (Sydney AP)
2522,56,56 - Mascot (Sydney AP)
2525,56,56 - Mascot (Sydney AP)
2526,56,56 - Mascot (Sydney AP)
2528,56,56 - Mascot (Sydney AP)
2530,56,56 - Mascot (Sydney AP)
6239,57,57 - Manjimup
6275,57,57 - Manjimup
6397,57,57 - Manjimup
6240,58,58 - Albany
6243,58,58 - Albany
6251,58,58 - Albany
6252,58,58 - Albany
6253,58,58 - Albany
6254,58,58 - Albany
6255,58,58 - Albany
6256,58,58 - Albany
6258,58,58 - Albany
6260,58,58 - Albany
6262,58,58 - Albany
6323,58,58 - Albany
6327,58,58 - Albany
6328,58,58 - Albany
6330,58,58 - Albany
6333,58,58 - Albany
6337,58,58 - Albany
6338,58,58 - Albany
6346,58,58 - Albany
6348,58,58 - Albany
6398,58,58 - Albany
5137,59,59 - Mt Lofty
5138,59,59 - Mt Lofty
5139,59,59 - Mt Lofty
5140,59,59 - Mt Lofty
5141,59,59 - Mt Lofty
5142,59,59 - Mt Lofty
5144,59,59 - Mt Lofty
5150,59,59 - Mt Lofty
5151,59,59 - Mt Lofty
5152,59,59 - Mt Lofty
5153,59,59 - Mt Lofty
5154,59,59 - Mt Lofty
5155,59,59 - Mt Lofty
5156,59,59 - Mt Lofty
5222,59,59 - Mt Lofty
5233,59,59 - Mt Lofty
5234,59,59 - Mt Lofty
5235,59,59 - Mt Lofty
5236,59,59 - Mt Lofty
5237,59,59 - Mt Lofty
5240,59,59 - Mt Lofty
5241,59,59 - Mt Lofty
5242,59,59 - Mt Lofty
5243,59,59 - Mt Lofty
5244,59,59 - Mt Lofty
5245,59,59 - Mt Lofty
5250,59,59 - Mt Lofty
5251,59,59 - Mt Lofty
5252,59,59 - Mt Lofty
5255,59,59 - Mt Lofty
5256,59,59 - Mt Lofty
5355,59,59 - Mt Lofty
5356,59,59 - Mt Lofty
5373,59,59 - Mt Lofty
5374,59,59 - Mt Lofty
5401,59,59 - Mt Lofty
5410,59,59 - Mt Lofty
5411,59,59 - Mt Lofty
5412,59,59 - Mt Lofty
5413,59,59 - Mt Lofty
5414,59,59 - Mt Lofty
5416,59,59 - Mt Lofty
5417,59,59 - Mt Lofty
3011,60,60 - Tullamarine (Melbourne AP)
3012,60,60 - Tullamarine (Melbourne AP)
3013,60,60 - Tullamarine (Melbourne AP)
3015,60,60 - Tullamarine (Melbourne AP)
3016,60,60 - Tullamarine (Melbourne AP)
3018,60,60 - Tullamarine (Melbourne AP)
3019,60,60 - Tullamarine (Melbourne AP)
3020,60,60 - Tullamarine (Melbourne AP)
3021,60,60 - Tullamarine (Melbourne AP)
3022,60,60 - Tullamarine (Melbourne AP)
3023,60,60 - Tullamarine (Melbourne AP)
3024,60,60 - Tullamarine (Melbourne AP)
3025,60,60 - Tullamarine (Melbourne AP)
3026,60,60 - Tullamarine (Melbourne AP)
3027,60,60 - Tullamarine (Melbourne AP)
3028,60,60 - Tullamarine (Melbourne AP)
3029,60,60 - Tullamarine (Melbourne AP)
3030,60,60 - Tullamarine (Melbourne AP)
3031,60,60 - Tullamarine (Melbourne AP)
3032,60,60 - Tullamarine (Melbourne AP)
3033,60,60 - Tullamarine (Melbourne AP)
3034,60,60 - Tullamarine (Melbourne AP)
3036,60,60 - Tullamarine (Melbourne AP)
3037,60,60 - Tullamarine (Melbourne AP)
3038,60,60 - Tullamarine (Melbourne AP)
3039,60,60 - Tullamarine (Melbourne AP)
3040,60,60 - Tullamarine (Melbourne AP)
3041,60,60 - Tullamarine (Melbourne AP)
3042,60,60 - Tullamarine (Melbourne AP)
3043,60,60 - Tullamarine (Melbourne AP)
3044,60,60 - Tullamarine (Melbourne AP)
3045,60,60 - Tullamarine (Melbourne AP)
3046,60,60 - Tullamarine (Melbourne AP)
3047,60,60 - Tullamarine (Melbourne AP)
3048,60,60 - Tullamarine (Melbourne AP)
3049,60,60 - Tullamarine (Melbourne AP)
3058,60,60 - Tullamarine (Melbourne AP)
3059,60,60 - Tullamarine (Melbourne AP)
3060,60,60 - Tullamarine (Melbourne AP)
3061,60,60 - Tullamarine (Melbourne AP)
3062,60,60 - Tullamarine (Melbourne AP)
3063,60,60 - Tullamarine (Melbourne AP)
3064,60,60 - Tullamarine (Melbourne AP)
3074,60,60 - Tullamarine (Melbourne AP)
3075,60,60 - Tullamarine (Melbourne AP)
3076,60,60 - Tullamarine (Melbourne AP)
3211,60,60 - Tullamarine (Melbourne AP)
3212,60,60 - Tullamarine (Melbourne AP)
3214,60,60 - Tullamarine (Melbourne AP)
3215,60,60 - Tullamarine (Melbourne AP)
3216,60,60 - Tullamarine (Melbourne AP)
3217,60,60 - Tullamarine (Melbourne AP)
3218,60,60 - Tullamarine (Melbourne AP)
3219,60,60 - Tullamarine (Melbourne AP)
3220,60,60 - Tullamarine (Melbourne AP)
3221,60,60 - Tullamarine (Melbourne AP)
3335,60,60 - Tullamarine (Melbourne AP)
3337,60,60 - Tullamarine (Melbourne AP)
3338,60,60 - Tullamarine (Melbourne AP)
3427,60,60 - Tullamarine (Melbourne AP)
3428,60,60 - Tullamarine (Melbourne AP)
3429,60,60 - Tullamarine (Melbourne AP)
3430,60,60 - Tullamarine (Melbourne AP)
3431,60,60 - Tullamarine (Melbourne AP)
3432,60,60 - Tullamarine (Melbourne AP)
3433,60,60 - Tullamarine (Melbourne AP)
3434,60,60 - Tullamarine (Melbourne AP)
3437,60,60 - Tullamarine (Melbourne AP)
3750,60,60 - Tullamarine (Melbourne AP)
3751,60,60 - Tullamarine (Melbourne AP)
3752,60,60 - Tullamarine (Melbourne AP)
3753,60,60 - Tullamarine (Melbourne AP)
3754,60,60 - Tullamarine (Melbourne AP)
3755,60,60 - Tullamarine (Melbourne AP)
3756,60,60 - Tullamarine (Melbourne AP)
3757,60,60 - Tullamarine (Melbourne AP)
3758,60,60 - Tullamarine (Melbourne AP)
3759,60,60 - Tullamarine (Melbourne AP)
3760,60,60 - Tullamarine (Melbourne AP)
3761,60,60 - Tullamarine (Melbourne AP)
3762,60,60 - Tullamarine (Melbourne AP)
3797,60,60 - Tullamarine (Melbourne AP)
3799,60,60 - Tullamarine (Melbourne AP)
3292,61,61 - Mt Gambier
3311,61,61 - Mt Gambier
3312,61,61 - Mt Gambier
3314,61,61 - Mt Gambier
3315,61,61 - Mt Gambier
3317,61,61 - Mt Gambier
3318,61,61 - Mt Gambier
3319,61,61 - Mt Gambier
3413,61,61 - Mt Gambier
3420,61,61 - Mt Gambier
5259,61,61 - Mt Gambier
5260,61,61 - Mt Gambier
5261,61,61 - Mt Gambier
5262,61,61 - Mt Gambier
5263,61,61 - Mt Gambier
5264,61,61 - Mt Gambier
5265,61,61 - Mt Gambier
5266,61,61 - Mt Gambier
5270,61,61 - Mt Gambier
5271,61,61 - Mt Gambier
5272,61,61 - Mt Gambier
5273,61,61 - Mt Gambier
5275,61,61 - Mt Gambier
5276,61,61 - Mt Gambier
5277,61,61 - Mt Gambier
5278,61,61 - Mt Gambier
5279,61,61 - Mt Gambier
5280,61,61 - Mt Gambier
5290,61,61 - Mt Gambier
5291,61,61 - Mt Gambier
3078,62,62 - Moorabbin
3079,62,62 - Moorabbin
3081,62,62 - Moorabbin
3082,62,62 - Moorabbin
3083,62,62 - Moorabbin
3084,62,62 - Moorabbin
3085,62,62 - Moorabbin
3086,62,62 - Moorabbin
3087,62,62 - Moorabbin
3088,62,62 - Moorabbin
3089,62,62 - Moorabbin
3090,62,62 - Moorabbin
3091,62,62 - Moorabbin
3093,62,62 - Moorabbin
3094,62,62 - Moorabbin
3095,62,62 - Moorabbin
3096,62,62 - Moorabbin
3097,62,62 - Moorabbin
3099,62,62 - Moorabbin
3101,62,62 - Moorabbin
3102,62,62 - Moorabbin
3103,62,62 - Moorabbin
3104,62,62 - Moorabbin
3105,62,62 - Moorabbin
3106,62,62 - Moorabbin
3107,62,62 - Moorabbin
3108,62,62 - Moorabbin
3109,62,62 - Moorabbin
3111,62,62 - Moorabbin
3113,62,62 - Moorabbin
3114,62,62 - Moorabbin
3115,62,62 - Moorabbin
3116,62,62 - Moorabbin
3122,62,62 - Moorabbin
3123,62,62 - Moorabbin
3124,62,62 - Moorabbin
3125,62,62 - Moorabbin
3126,62,62 - Moorabbin
3127,62,62 - Moorabbin
3128,62,62 - Moorabbin
3129,62,62 - Moorabbin
3130,62,62 - Moorabbin
3131,62,62 - Moorabbin
3132,62,62 - Moorabbin
3133,62,62 - Moorabbin
3134,62,62 - Moorabbin
3135,62,62 - Moorabbin
3136,62,62 - Moorabbin
3137,62,62 - Moorabbin
3138,62,62 - Moorabbin
3139,62,62 - Moorabbin
3140,62,62 - Moorabbin
3144,62,62 - Moorabbin
3145,62,62 - Moorabbin
3146,62,62 - Moorabbin
3147,62,62 - Moorabbin
3148,62,62 - Moorabbin
3149,62,62 - Moorabbin
3150,62,62 - Moorabbin
3151,62,62 - Moorabbin
3152,62,62 - Moorabbin
3153,62,62 - Moorabbin
3154,62,62 - Moorabbin
3155,62,62 - Moorabbin
3156,62,62 - Moorabbin
3158,62,62 - Moorabbin
3159,62,62 - Moorabbin
3160,62,62 - Moorabbin
3161,62,62 - Moorabbin
3162,62,62 - Moorabbin
3163,62,62 - Moorabbin
3165,62,62 - Moorabbin
3166,62,62 - Moorabbin
3167,62,62 - Moorabbin
3168,62,62 - Moorabbin
3169,62,62 - Moorabbin
3170,62,62 - Moorabbin
3171,62,62 - Moorabbin
3172,62,62 - Moorabbin
3173,62,62 - Moorabbin
3174,62,62 - Moorabbin
3175,62,62 - Moorabbin
3177,62,62 - Moorabbin
3178,62,62 - Moorabbin
3179,62,62 - Moorabbin
3180,62,62 - Moorabbin
3186,62,62 - Moorabbin
3187,62,62 - Moorabbin
3188,62,62 - Moorabbin
3189,62,62 - Moorabbin
3190,62,62 - Moorabbin
3191,62,62 - Moorabbin
3192,62,62 - Moorabbin
3193,62,62 - Moorabbin
3194,62,62 - Moorabbin
3195,62,62 - Moorabbin
3196,62,62 - Moorabbin
3197,62,62 - Moorabbin
3198,62,62 - Moorabbin
3199,62,62 - Moorabbin
3200,62,62 - Moorabbin
3201,62,62 - Moorabbin
3202,62,62 - Moorabbin
3785,62,62 - Moorabbin
3800,62,62 - Moorabbin
3802,62,62 - Moorabbin
3803,62,62 - Moorabbin
3804,62,62 - Moorabbin
3805,62,62 - Moorabbin
3806,62,62 - Moorabbin
3807,62,62 - Moorabbin
3808,62,62 - Moorabbin
3809,62,62 - Moorabbin
3810,62,62 - Moorabbin
3812,62,62 - Moorabbin
3813,62,62 - Moorabbin
3814,62,62 - Moorabbin
3815,62,62 - Moorabbin
3816,62,62 - Moorabbin
3818,62,62 - Moorabbin
3910,62,62 - Moorabbin
3911,62,62 - Moorabbin
3912,62,62 - Moorabbin
3913,62,62 - Moorabbin
3915,62,62 - Moorabbin
3916,62,62 - Moorabbin
3918,62,62 - Moorabbin
3919,62,62 - Moorabbin
3920,62,62 - Moorabbin
3925,62,62 - Moorabbin
3926,62,62 - Moorabbin
3927,62,62 - Moorabbin
3928,62,62 - Moorabbin
3929,62,62 - Moorabbin
3930,62,62 - Moorabbin
3931,62,62 - Moorabbin
3933,62,62 - Moorabbin
3934,62,62 - Moorabbin
3936,62,62 - Moorabbin
3937,62,62 - Moorabbin
3938,62,62 - Moorabbin
3939,62,62 - Moorabbin
3940,62,62 - Moorabbin
3941,62,62 - Moorabbin
3942,62,62 - Moorabbin
3943,62,62 - Moorabbin
3944,62,62 - Moorabbin
3975,62,62 - Moorabbin
3976,62,62 - Moorabbin
3977,62,62 - Moorabbin
3978,62,62 - Moorabbin
3980,62,62 - Moorabbin
3981,62,62 - Moorabbin
3984,62,62 - Moorabbin
3260,63,63 - Warrnambool
3264,63,63 - Warrnambool
3265,63,63 - Warrnambool
3271,63,63 - Warrnambool
3272,63,63 - Warrnambool
3273,63,63 - Warrnambool
3274,63,63 - Warrnambool
3275,63,63 - Warrnambool
3276,63,63 - Warrnambool
3277,63,63 - Warrnambool
3278,63,63 - Warrnambool
3279,63,63 - Warrnambool
3280,63,63 - Warrnambool
3281,63,63 - Warrnambool
3282,63,63 - Warrnambool
3283,63,63 - Warrnambool
3284,63,63 - Warrnambool
3285,63,63 - Warrnambool
3286,63,63 - Warrnambool
3287,63,63 - Warrnambool
3289,63,63 - Warrnambool
3293,63,63 - Warrnambool
3294,63,63 - Warrnambool
3300,63,63 - Warrnambool
3301,63,63 - Warrnambool
3302,63,63 - Warrnambool
3303,63,63 - Warrnambool
3304,63,63 - Warrnambool
3305,63,63 - Warrnambool
3309,63,63 - Warrnambool
3310,63,63 - Warrnambool
3325,63,63 - Warrnambool
3329,63,63 - Warrnambool
3378,63,63 - Warrnambool
3379,63,63 - Warrnambool
3222,64,64 - Cape Otway
3223,64,64 - Cape Otway
3224,64,64 - Cape Otway
3225,64,64 - Cape Otway
3226,64,64 - Cape Otway
3227,64,64 - Cape Otway
3228,64,64 - Cape Otway
3230,64,64 - Cape Otway
3231,64,64 - Cape Otway
3232,64,64 - Cape Otway
3233,64,64 - Cape Otway
3235,64,64 - Cape Otway
3236,64,64 - Cape Otway
3237,64,64 - Cape Otway
3238,64,64 - Cape Otway
3239,64,64 - Cape Otway
3240,64,64 - Cape Otway
3241,64,64 - Cape Otway
3242,64,64 - Cape Otway
3243,64,64 - Cape Otway
3249,64,64 - Cape Otway
3250,64,64 - Cape Otway
3251,64,64 - Cape Otway
3254,64,64 - Cape Otway
3266,64,64 - Cape Otway
3267,64,64 - Cape Otway
3268,64,64 - Cape Otway
3269,64,64 - Cape Otway
3270,64,64 - Cape Otway
3321,64,64 - Cape Otway
3956,64,64 - Cape Otway
3959,64,64 - Cape Otway
3960,64,64 - Cape Otway
3962,64,64 - Cape Otway
3964,64,64 - Cape Otway
3965,64,64 - Cape Otway
3995,64,64 - Cape Otway
3996,64,64 - Cape Otway
2328,65,65 - Orange
2333,65,65 - Orange
2583,65,65 - Orange
2586,65,65 - Orange
2587,65,65 - Orange
2594,65,65 - Orange
2787,65,65 - Orange
2790,65,65 - Orange
2791,65,65 - Orange
2792,65,65 - Orange
2793,65,65 - Orange
2795,65,65 - Orange
2797,65,65 - Orange
2798,65,65 - Orange
2799,65,65 - Orange
2800,65,65 - Orange
2803,65,65 - Orange
2807,65,65 - Orange
2808,65,65 - Orange
2845,65,65 - Orange
2846,65,65 - Orange
2847,65,65 - Orange
2848,65,65 - Orange
2849,65,65 - Orange
2850,65,65 - Orange
2865,65,65 - Orange
2866,65,65 - Orange
2867,65,65 - Orange
3322,66,66 - Ballarat
3323,66,66 - Ballarat
3324,66,66 - Ballarat
3328,66,66 - Ballarat
3330,66,66 - Ballarat
3331,66,66 - Ballarat
3332,66,66 - Ballarat
3333,66,66 - Ballarat
3334,66,66 - Ballarat
3340,66,66 - Ballarat
3341,66,66 - Ballarat
3342,66,66 - Ballarat
3345,66,66 - Ballarat
3350,66,66 - Ballarat
3351,66,66 - Ballarat
3352,66,66 - Ballarat
3355,66,66 - Ballarat
3356,66,66 - Ballarat
3357,66,66 - Ballarat
3360,66,66 - Ballarat
3361,66,66 - Ballarat
3363,66,66 - Ballarat
3364,66,66 - Ballarat
3370,66,66 - Ballarat
3371,66,66 - Ballarat
3373,66,66 - Ballarat
3375,66,66 - Ballarat
3377,66,66 - Ballarat
3380,66,66 - Ballarat
3381,66,66 - Ballarat
3384,66,66 - Ballarat
3385,66,66 - Ballarat
3387,66,66 - Ballarat
3388,66,66 - Ballarat
3390,66,66 - Ballarat
3435,66,66 - Ballarat
3438,66,66 - Ballarat
3440,66,66 - Ballarat
3441,66,66 - Ballarat
3442,66,66 - Ballarat
3444,66,66 - Ballarat
3446,66,66 - Ballarat
3447,66,66 - Ballarat
3448,66,66 - Ballarat
3450,66,66 - Ballarat
3451,66,66 - Ballarat
3453,66,66 - Ballarat
3458,66,66 - Ballarat
3460,66,66 - Ballarat
3461,66,66 - Ballarat
3462,66,66 - Ballarat
3463,66,66 - Ballarat
3464,66,66 - Ballarat
3465,66,66 - Ballarat
3467,66,66 - Ballarat
3468,66,66 - Ballarat
3469,66,66 - Ballarat
3472,66,66 - Ballarat
3475,66,66 - Ballarat
3478,66,66 - Ballarat
3480,66,66 - Ballarat
3515,66,66 - Ballarat
3516,66,66 - Ballarat
3517,66,66 - Ballarat
3518,66,66 - Ballarat
3520,66,66 - Ballarat
3521,66,66 - Ballarat
3522,66,66 - Ballarat
3523,66,66 - Ballarat
3525,66,66 - Ballarat
3550,66,66 - Ballarat
3551,66,66 - Ballarat
3555,66,66 - Ballarat
3556,66,66 - Ballarat
3557,66,66 - Ballarat
3558,66,66 - Ballarat
3559,66,66 - Ballarat
3561,66,66 - Ballarat
3562,66,66 - Ballarat
3564,66,66 - Ballarat
3565,66,66 - Ballarat
3566,66,66 - Ballarat
3570,66,66 - Ballarat
3571,66,66 - Ballarat
3572,66,66 - Ballarat
3575,66,66 - Ballarat
3607,66,66 - Ballarat
3608,66,66 - Ballarat
3610,66,66 - Ballarat
3612,66,66 - Ballarat
3614,66,66 - Ballarat
3616,66,66 - Ballarat
3617,66,66 - Ballarat
3618,66,66 - Ballarat
3620,66,66 - Ballarat
3621,66,66 - Ballarat
3622,66,66 - Ballarat
3623,66,66 - Ballarat
3624,66,66 - Ballarat
3629,66,66 - Ballarat
3630,66,66 - Ballarat
3631,66,66 - Ballarat
3633,66,66 - Ballarat
3634,66,66 - Ballarat
3635,66,66 - Ballarat
3636,66,66 - Ballarat
3637,66,66 - Ballarat
3638,66,66 - Ballarat
3639,66,66 - Ballarat
3640,66,66 - Ballarat
3641,66,66 - Ballarat
3644,66,66 - Ballarat
3646,66,66 - Ballarat
3647,66,66 - Ballarat
3649,66,66 - Ballarat
3658,66,66 - Ballarat
3659,66,66 - Ballarat
3660,66,66 - Ballarat
3662,66,66 - Ballarat
3663,66,66 - Ballarat
3664,66,66 - Ballarat
3665,66,66 - Ballarat
3666,66,66 - Ballarat
3669,66,66 - Ballarat
3670,66,66 - Ballarat
3672,66,66 - Ballarat
3673,66,66 - Ballarat
3675,66,66 - Ballarat
3677,66,66 - Ballarat
3678,66,66 - Ballarat
3682,66,66 - Ballarat
3683,66,66 - Ballarat
3685,66,66 - Ballarat
3687,66,66 - Ballarat
3688,66,66 - Ballarat
3690,66,66 - Ballarat
3691,66,66 - Ballarat
3694,66,66 - Ballarat
3695,66,66 - Ballarat
3697,66,66 - Ballarat
3698,66,66 - Ballarat
3699,66,66 - Ballarat
3700,66,66 - Ballarat
3701,66,66 - Ballarat
3704,66,66 - Ballarat
3705,66,66 - Ballarat
3707,66,66 - Ballarat
3708,66,66 - Ballarat
3709,66,66 - Ballarat
3711,66,66 - Ballarat
3712,66,66 - Ballarat
3713,66,66 - Ballarat
3714,66,66 - Ballarat
3715,66,66 - Ballarat
3717,66,66 - Ballarat
3718,66,66 - Ballarat
3719,66,66 - Ballarat
3720,66,66 - Ballarat
3722,66,66 - Ballarat
3725,66,66 - Ballarat
3732,66,66 - Ballarat
3733,66,66 - Ballarat
3735,66,66 - Ballarat
3737,66,66 - Ballarat
3738,66,66 - Ballarat
3739,66,66 - Ballarat
3740,66,66 - Ballarat
3741,66,66 - Ballarat
3744,66,66 - Ballarat
3746,66,66 - Ballarat
3747,66,66 - Ballarat
3749,66,66 - Ballarat
3763,66,66 - Ballarat
3764,66,66 - Ballarat
3765,66,66 - Ballarat
3766,66,66 - Ballarat
3767,66,66 - Ballarat
3770,66,66 - Ballarat
3775,66,66 - Ballarat
3777,66,66 - Ballarat
3778,66,66 - Ballarat
3779,66,66 - Ballarat
3781,66,66 - Ballarat
3782,66,66 - Ballarat
3783,66,66 - Ballarat
3786,66,66 - Ballarat
3787,66,66 - Ballarat
3788,66,66 - Ballarat
3789,66,66 - Ballarat
3791,66,66 - Ballarat
3792,66,66 - Ballarat
3793,66,66 - Ballarat
3795,66,66 - Ballarat
3796,66,66 - Ballarat
7215,67,67 - Low Head
7216,67,67 - Low Head
7253,67,67 - Low Head
7254,67,67 - Low Head
7255,67,67 - Low Head
7256,67,67 - Low Head
7257,67,67 - Low Head
7262,67,67 - Low Head
7264,67,67 - Low Head
7265,67,67 - Low Head
7270,67,67 - Low Head
7275,67,67 - Low Head
7276,67,67 - Low Head
7307,67,67 - Low Head
7310,67,67 - Low Head
7315,67,67 - Low Head
7316,67,67 - Low Head
7320,67,67 - Low Head
7030,68,68 - Launceston AP
7119,68,68 - Launceston AP
7120,68,68 - Launceston AP
7140,68,68 - Launceston AP
7209,68,68 - Launceston AP
7210,68,68 - Launceston AP
7211,68,68 - Launceston AP
7212,68,68 - Launceston AP
7213,68,68 - Launceston AP
7214,68,68 - Launceston AP
7252,68,68 - Launceston AP
7258,68,68 - Launceston AP
7259,68,68 - Launceston AP
7260,68,68 - Launceston AP
7261,68,68 - Launceston AP
7263,68,68 - Launceston AP
7267,68,68 - Launceston AP
7268,68,68 - Launceston AP
7290,68,68 - Launceston AP
7291,68,68 - Launceston AP
7292,68,68 - Launceston AP
7300,68,68 - Launceston AP
7301,68,68 - Launceston AP
7302,68,68 - Launceston AP
7303,68,68 - Launceston AP
7304,68,68 - Launceston AP
7305,68,68 - Launceston AP
7306,68,68 - Launceston AP
2624,69,69 - Thredbo Village
2625,69,69 - Thredbo Village
2627,69,69 - Thredbo Village
9999,70,70 - Toowoomba
